name_cn,name_en,url
ZealandPharmaA/SADR,ZEAL,https://quote.eastmoney.com/us/ZEAL.html
ZekelmanIndustriesInc-A,ZEK,https://quote.eastmoney.com/us/ZEK.html
"ZENDESK,INC.",ZEN,https://quote.eastmoney.com/us/ZEN.html
ZEPINC,ZEP,https://quote.eastmoney.com/us/ZEP.html
OlympicSteelInc,ZEUS,https://quote.eastmoney.com/us/ZEUS.html
TheZweigFundInc,ZF,https://quote.eastmoney.com/us/ZF.html
ZAISFINANCIALCORP,ZFC,https://quote.eastmoney.com/us/ZFC.html
ZafgenInc,ZFGN,https://quote.eastmoney.com/us/ZFGN.html
ZillowGroupInc-A,ZG,https://quote.eastmoney.com/us/ZG.html
SPDRSolactiveUnitedKingdomE,ZGBR,https://quote.eastmoney.com/us/ZGBR.html
ZogenixInc,ZGNX,https://quote.eastmoney.com/us/ZGNX.html
ZHONETECHNOLOGIESINC,ZHNE,https://quote.eastmoney.com/us/ZHNE.html
SPDRSolactiveHongKongETF,ZHOK,https://quote.eastmoney.com/us/ZHOK.html
TheAcquirersFund,ZIG,https://quote.eastmoney.com/us/ZIG.html
ZYGOCORP,ZIGO,https://quote.eastmoney.com/us/ZIGO.html
HORSEHEADHOLDINGCORP,ZINC,https://quote.eastmoney.com/us/ZINC.html
齐昂银行,ZION,https://quote.eastmoney.com/us/ZION.html
ZionsBancorpNAWt,ZIONW,https://quote.eastmoney.com/us/ZIONW.html
ZionsBancorpNAWt,ZIONZ,https://quote.eastmoney.com/us/ZIONZ.html
ZiopharmOncologyInc,ZIOP,https://quote.eastmoney.com/us/ZIOP.html
ZIPCARINC,ZIP,https://quote.eastmoney.com/us/ZIP.html
ZIPREALTYINC,ZIPR,https://quote.eastmoney.com/us/ZIPR.html
VelocitysharesDailyInverseVi,ZIV,https://quote.eastmoney.com/us/ZIV.html
ZixCorp,ZIXI,https://quote.eastmoney.com/us/ZIXI.html
SPDRSolactiveJapanETF,ZJPN,https://quote.eastmoney.com/us/ZJPN.html
正康国际,ZKIN,https://quote.eastmoney.com/us/ZKIN.html
再鼎医药,ZLAB,https://quote.eastmoney.com/us/ZLAB.html
ZALECORP,ZLC,https://quote.eastmoney.com/us/ZLC.html
ZALICUSINC,ZLCS,https://quote.eastmoney.com/us/ZLCS.html
EtfsZacksEarningsLarge-CapU,ZLRG,https://quote.eastmoney.com/us/ZLRG.html
ZELTIQAESTHETICS,ZLTQ,https://quote.eastmoney.com/us/ZLTQ.html
Zoom,ZM,https://quote.eastmoney.com/us/ZM.html
齐默尔控股,ZMH,https://quote.eastmoney.com/us/ZMH.html
DirexionZacksMLPHighIncome,ZMLP,https://quote.eastmoney.com/us/ZMLP.html
ZIONOIL&GASINC,ZN,https://quote.eastmoney.com/us/ZN.html
ZyngaInc-A,ZNGA,https://quote.eastmoney.com/us/ZNGA.html
南方航空,ZNH,https://quote.eastmoney.com/us/ZNH.html
ZionOil&GasIncWt,ZNWAA,https://quote.eastmoney.com/us/ZNWAA.html
ZIONOIL&GASINC,ZNWAW,https://quote.eastmoney.com/us/ZNWAW.html
Zoe'sKitchenInc,ZOES,https://quote.eastmoney.com/us/ZOES.html
ZOLTEKCOMPANIESINC,ZOLT,https://quote.eastmoney.com/us/ZOLT.html
ZomedicaPharmaceuticalsCorp,ZOM,https://quote.eastmoney.com/us/ZOM.html
注目科技,ZOOM,https://quote.eastmoney.com/us/ZOOM.html
智联招聘,ZPIN,https://quote.eastmoney.com/us/ZPIN.html
QUIKSILVERINC,ZQK,https://quote.eastmoney.com/us/ZQK.html
Pimco25+YearZeroCouponU.S.,ZROZ,https://quote.eastmoney.com/us/ZROZ.html
ZscalerInc,ZS,https://quote.eastmoney.com/us/ZS.html
ZosanoPharmaCorp,ZSAN,https://quote.eastmoney.com/us/ZSAN.html
ProSharesUltrashortSilver,ZSL,https://quote.eastmoney.com/us/ZSL.html
ETFSZacksEarningsSmall-CapU,ZSML,https://quote.eastmoney.com/us/ZSML.html
"ZSPHARMA,INC.",ZSPH,https://quote.eastmoney.com/us/ZSPH.html
中通快递,ZTO,https://quote.eastmoney.com/us/ZTO.html
ZweigTotalReturnFundInc,ZTR,https://quote.eastmoney.com/us/ZTR.html
ZOETIS,ZTS,https://quote.eastmoney.com/us/ZTS.html
ZULILYINC,ZU,https://quote.eastmoney.com/us/ZU.html
ZumiezInc,ZUMZ,https://quote.eastmoney.com/us/ZUMZ.html
ZuoraInc-A,ZUO,https://quote.eastmoney.com/us/ZUO.html
ZovioInc,ZVO,https://quote.eastmoney.com/us/ZVO.html
NYSEArcaTestStock,ZVV,https://quote.eastmoney.com/us/ZVV.html
正兴集团,ZX,https://quote.eastmoney.com/us/ZX.html
ZymeworksInc,ZYME,https://quote.eastmoney.com/us/ZYME.html
ZynerbaPharmaceuticalsInc,ZYNE,https://quote.eastmoney.com/us/ZYNE.html
ZynexInc,ZYXI,https://quote.eastmoney.com/us/ZYXI.html
SEALYCORP,ZZ,https://quote.eastmoney.com/us/ZZ.html
SEALYCORPORATION,ZZC,https://quote.eastmoney.com/us/ZZC.html
